{
    "maintainer": "Opscode, Inc.",
    "attributes": {
    },
    "suggestions": {
    },
    "platforms": {
    },
    "dependencies": {
    },
    "maintainer_email": "cookbooks@opscode.com",
    "conflicting": {
    },
    "version": "0.1.0",
    "name": "openssl",
    "recipes": {
    },
    "providing": {
    },
    "license": "Apache 2.0",
    "replacing": {
    },
    "groupings": {
    },
    "long_description": "= DESCRIPTION:\n\nLibrary provides a method to generate secure passwords for use in recipes.\n\n= REQUIREMENTS:\n\nOpenSSL Ruby bindings must be installed, which are a requirement for Chef anyway.\n\n= USAGE:\n\nMost often this will be used to generate a secure password for an attribute.\n\n    include Opscode::OpenSSL::Password\n\n    default['my_password'] = secure_password\n\n= LICENSE and AUTHOR:\n\nAuthor:: Joshua Timberman (<joshua@opscode.com>)\n\nCopyright:: 2009, Opscode, Inc\n\nLicensed under the Apache License, Version 2.0 (the \"License\");\nyou may not use this file except in compliance with the License.\nYou may obtain a copy of the License at\n\n    http://www.apache.org/licenses/LICENSE-2.0\n\nUnless required by applicable law or agreed to in writing, software\ndistributed under the License is distributed on an \"AS IS\" BASIS,\nWITHOUT WARRANTIES OR CONDITIONS OF ANY KIND, either express or implied.\nSee the License for the specific language governing permissions and\nlimitations under the License.\n",
    "recommendations": {
    },
    "description": "Installs/Configures openssl"
  }